sem mauris laoreet ut rhoncus aliquet pulvinar,erat nulla tempus vivamus in felis eu sapien cursus vestibulum proin eu mi nulla ac enim in,2020-06-08T02:35:21Z,2021-03-05T18:59:22Z,39,1
facilisi,at feugiat non pretium quis lectus suspendisse potenti in eleifend quam,2020-08-03T18:43:20Z,2021-09-05T18:28:26Z,3,0
orci,tincidunt eu felis fusce posuere felis sed lacus morbi sem mauris laoreet ut rhoncus,2021-04-24T07:25:49Z,2021-01-06T09:39:24Z,89,1
diam erat fermentum justo nec,id pretium iaculis diam erat fermentum justo nec condimentum neque sapien placerat ante nulla justo aliquam quis,2021-04-14T14:43:16Z,2021-02-03T19:17:17Z,13,0
interdum eu tincidunt in leo,eget elit sodales scelerisque mauris sit amet eros suspendisse accumsan tortor quis turpis sed ante vivamus tortor,2020-11-13T19:33:06Z,2021-08-27T15:15:22Z,1,0
aenean auctor gravida sem praesent id massa,sociis natoque penatibus et magnis dis parturient montes nascetur ridiculus mus vivamus vestibulum sagittis sapien cum sociis natoque penatibus,2020-06-03T07:48:54Z,2021-09-07T21:33:28Z,37,0
pellentesque viverra pede ac diam cras pellentesque volutpat dui,nibh in hac habitasse platea dictumst aliquam augue quam sollicitudin vitae consectetuer eget,2020-09-22T07:25:05Z,2021-07-23T04:56:16Z,44,0
mauris sit amet eros suspendisse,sit amet nunc viverra dapibus nulla suscipit ligula in lacus curabitur at ipsum ac tellus semper interdum mauris ullamcorper,2021-04-09T08:50:49Z,2022-05-11T05:48:41Z,86,1
lectus in,interdum mauris non ligula pellentesque ultrices phasellus id sapien in,2020-12-28T22:11:19Z,2022-05-15T15:25:36Z,51,1
vestibulum velit id,metus vitae ipsum aliquam non mauris morbi non lectus aliquam sit amet diam in,2020-06-05T20:53:25Z,2021-08-15T02:08:29Z,57,1
quis,suspendisse accumsan tortor quis turpis sed ante vivamus tortor duis,2020-08-05T16:49:47Z,2022-03-14T00:42:55Z,82,1
Delta title,Mum is coming over tomorrow so make sure you're room is clean,2021-05-27T16:05:28Z,2021-11-04T00:21:07Z,29,0
turpis a pede posuere nonummy integer non velit donec,suspendisse potenti in eleifend quam a odio in hac habitasse platea dictumst maecenas,2021-04-03T10:15:34Z,2021-04-03T01:01:33Z,16,1
primis,sed interdum venenatis turpis enim blandit mi in porttitor pede justo,2021-03-16T21:14:14Z,2022-04-13T22:25:53Z,9,1
cras non velit nec nisi vulputate,vestibulum ante ipsum primis in faucibus orci luctus et ultrices posuere,2020-10-27T04:59:32Z,2021-09-09T19:14:26Z,26,0
vel augue vestibulum rutrum rutrum neque aenean auctor,fermentum justo nec condimentum neque sapien placerat ante nulla justo,2020-09-18T08:54:43Z,2021-06-26T00:57:53Z,71,1
id pretium iaculis diam erat fermentum justo nec condimentum,luctus et ultrices posuere cubilia curae mauris viverra diam vitae quam suspendisse potenti nullam porttitor lacus at turpis,2021-03-12T19:02:48Z,2021-09-11T03:55:52Z,57,0
nulla tellus in sagittis dui vel nisl duis,nibh quisque id justo sit amet sapien dignissim vestibulum vestibulum ante,2020-11-19T22:05:24Z,2021-07-29T21:18:14Z,44,0
quam sollicitudin vitae consectetuer eget rutrum at lorem,a odio in hac habitasse platea dictumst maecenas ut massa quis augue,2021-05-18T08:09:57Z,2021-10-05T07:14:01Z,91,1
quam a,sit amet justo morbi ut odio cras mi pede malesuada in,2021-02-03T20:41:16Z,2021-01-02T15:58:51Z,71,0
vulputate,ligula nec sem duis aliquam convallis nunc proin at turpis a pede posuere nonummy integer non velit donec,2020-06-13T02:17:16Z,2021-05-07T15:22:44Z,60,1
amet consectetuer adipiscing,fusce congue diam id ornare imperdiet sapien urna pretium nisl ut volutpat sapien arcu sed augue aliquam erat volutpat,2021-01-27T08:41:11Z,2022-05-10T04:31:26Z,32,0
velit vivamus vel nulla eget eros elementum pellentesque,interdum venenatis turpis enim blandit mi in porttitor pede justo eu,2020-12-09T05:46:04Z,2021-09-29T13:33:40Z,70,1
interdum in ante vestibulum ante ipsum primis in,et ultrices posuere cubilia curae mauris viverra diam vitae quam suspendisse,2020-10-04T17:34:27Z,2021-04-27T16:17:52Z,43,1
suspendisse potenti,justo lacinia eget tincidunt eget tempus vel pede morbi porttitor lorem id ligula suspendisse,2021-05-18T01:29:17Z,2021-08-01T11:15:06Z,81,0
lectus pellentesque at nulla suspendisse,eu orci mauris lacinia sapien quis libero nullam sit amet turpis elementum ligula vehicula consequat morbi,2021-03-03T21:43:29Z,2020-11-04T16:43:39Z,37,1
justo aliquam quis turpis eget,lacinia erat vestibulum sed magna at nunc commodo placerat praesent blandit nam nulla integer pede justo lacinia eget tincidunt,2021-04-24T04:50:59Z,2021-09-23T14:42:25Z,11,0
habitasse platea dictumst morbi vestibulum velit,nisi nam ultrices libero non mattis pulvinar nulla pede ullamcorper augue a suscipit,2021-04-20T09:20:46Z,2021-08-03T06:45:15Z,59,1
lectus pellentesque at nulla suspendisse potenti cras,ultrices enim lorem ipsum dolor sit amet consectetuer adipiscing elit proin interdum mauris,2021-03-12T03:37:45Z,2021-03-24T01:20:42Z,58,0
vel,in consequat ut nulla sed accumsan felis ut at dolor,2020-11-29T05:03:40Z,2022-05-15T13:00:06Z,92,1
Alpha Task Title,Make the dashboard look nice and make sure all tasks are showing up,2020-09-11T14:34:28Z,2021-06-19T11:17:11Z,8,1
Beta Task Title,in sapien iaculis congue vivamus metus arcu adipiscing molestie hendrerit at vulputate vitae nisl,2021-04-08T18:11:17Z,2022-04-10T12:08:16Z,8,1
felis donec semper sapien a libero nam dui proin,proin leo odio porttitor id consequat in consequat ut nulla sed accumsan felis ut at dolor quis odio,2021-05-03T14:06:36Z,2022-01-26T13:40:41Z,16,1
luctus cum sociis natoque penatibus et,lobortis convallis tortor risus dapibus augue vel accumsan tellus nisi eu orci mauris lacinia sapien quis,2020-09-11T09:53:53Z,2021-01-30T20:46:02Z,59,0
nascetur ridiculus mus vivamus vestibulum sagittis sapien cum sociis,pellentesque at nulla suspendisse potenti cras in purus eu magna vulputate luctus cum sociis natoque penatibus et magnis,2020-08-03T06:23:17Z,2021-02-18T20:08:33Z,53,0
sollicitudin ut suscipit a,in tempor turpis nec euismod scelerisque quam turpis adipiscing lorem vitae mattis nibh ligula nec sem,2020-08-05T07:11:19Z,2021-06-16T03:05:56Z,55,0
Charlie Task Title,vivamus metus arcu adipiscing molestie hendrerit at vulputate vitae nisl,2020-07-09T18:28:31Z,2021-09-19T05:26:16Z,70,0
ac,quis justo maecenas rhoncus aliquam lacus morbi quis tortor id nulla ultrices aliquet maecenas leo,2021-01-12T13:19:52Z,2021-04-07T23:29:44Z,28,1
quis odio consequat varius integer ac leo pellentesque ultrices mattis,vehicula consequat morbi a ipsum integer a nibh in quis justo maecenas rhoncus aliquam lacus,2020-08-12T07:18:50Z,2021-11-21T07:59:50Z,66,1
rhoncus dui vel sem sed sagittis nam congue risus semper,sem praesent id massa id nisl venenatis lacinia aenean sit amet justo morbi ut odio cras mi pede malesuada in,2021-04-15T00:17:46Z,2021-01-08T18:51:47Z,32,1
ante vel ipsum praesent blandit lacinia,sit amet diam in magna bibendum imperdiet nullam orci pede venenatis non sodales sed tincidunt eu,2020-10-06T18:17:45Z,2022-02-07T04:12:41Z,39,1
sollicitudin mi sit amet lobortis sapien sapien non,ut massa quis augue luctus tincidunt nulla mollis molestie lorem quisque ut erat curabitur gravida,2021-01-11T20:40:26Z,2021-11-21T09:01:14Z,17,1
sed vestibulum sit amet cursus id turpis integer,curae mauris viverra diam vitae quam suspendisse potenti nullam porttitor lacus at turpis donec posuere,2021-05-27T08:24:21Z,2022-05-26T19:03:12Z,24,0
lorem ipsum dolor sit amet,ornare imperdiet sapien urna pretium nisl ut volutpat sapien arcu sed augue aliquam erat volutpat in congue etiam justo,2020-09-10T01:03:44Z,2022-04-29T09:52:27Z,52,1
tincidunt in,purus phasellus in felis donec semper sapien a libero nam,2021-02-21T14:13:48Z,2021-07-01T23:18:28Z,8,1
convallis eget eleifend luctus ultricies eu nibh quisque,erat tortor sollicitudin mi sit amet lobortis sapien sapien non mi integer ac neque duis bibendum morbi non quam nec,2020-10-30T19:51:43Z,2021-05-15T05:42:14Z,60,1
quam sapien varius ut blandit,maecenas pulvinar lobortis est phasellus sit amet erat nulla tempus vivamus in felis eu sapien cursus vestibulum proin eu,2020-09-12T10:33:13Z,2021-01-24T12:56:37Z,9,1
nibh,lacus morbi quis tortor id nulla ultrices aliquet maecenas leo odio condimentum id luctus nec molestie,2020-12-24T08:28:18Z,2020-12-02T08:42:35Z,61,0
odio donec,lobortis convallis tortor risus dapibus augue vel accumsan tellus nisi eu orci mauris lacinia sapien quis,2020-07-19T06:53:32Z,2020-12-30T00:48:54Z,67,0
integer non velit donec diam neque vestibulum eget vulputate,sit amet sem fusce consequat nulla nisl nunc nisl duis bibendum felis sed interdum venenatis turpis enim blandit,2020-07-22T03:26:36Z,2021-02-16T03:29:17Z,78,0
