Cornelius,Linton,clinton0@epa.gov,5f4dcc3b5aa765d61d8327deb882cf99
Reuben,Currington,rcurrington1@theglobeandmail.com,5f4dcc3b5aa765d61d8327deb882cf99
Rafaelita,Hayhurst,rhayhurst2@usda.gov,5f4dcc3b5aa765d61d8327deb882cf99
Nicolas,Reed,nreed3@is.gd,5f4dcc3b5aa765d61d8327deb882cf99
Ara,Jory,ajory4@people.com.cn,5f4dcc3b5aa765d61d8327deb882cf99
Federica,Inmett,finmett5@state.gov,5f4dcc3b5aa765d61d8327deb882cf99
Daron,Pilgram,dpilgram6@google.ca,5f4dcc3b5aa765d61d8327deb882cf99
Ximenes,Dana,xdana7@stanford.edu,5f4dcc3b5aa765d61d8327deb882cf99
Emelda,McConnel,emcconnel8@youtu.be,5f4dcc3b5aa765d61d8327deb882cf99
Carolan,Greenmon,cgreenmon9@arstechnica.com,5f4dcc3b5aa765d61d8327deb882cf99
Aurelia,Ivanikov,aivanikova@creativecommons.org,5f4dcc3b5aa765d61d8327deb882cf99
Bradney,Hoffner,bhoffnerb@naver.com,5f4dcc3b5aa765d61d8327deb882cf99
Lura,Rabjohn,lrabjohnc@about.com,5f4dcc3b5aa765d61d8327deb882cf99
Jenilee,Mathiot,jmathiotd@stumbleupon.com,5f4dcc3b5aa765d61d8327deb882cf99
Cherlyn,Westgarth,cwestgarthe@economist.com,5f4dcc3b5aa765d61d8327deb882cf99
Rozalie,Hellings,rhellingsf@51.la,5f4dcc3b5aa765d61d8327deb882cf99
Elspeth,Milligan,emilligang@hatena.ne.jp,5f4dcc3b5aa765d61d8327deb882cf99
Alair,Belham,abelhamh@php.net,5f4dcc3b5aa765d61d8327deb882cf99
Dory,Labrow,dlabrowi@jigsy.com,5f4dcc3b5aa765d61d8327deb882cf99
Jeri,Navarijo,jnavarijoj@soup.io,5f4dcc3b5aa765d61d8327deb882cf99
